# Legacy redirects for old post URLs
/3-moves /posts/3-moves 301
/design-partnerships-not-job-descriptions /posts/design-partnerships-not-job-descriptions 301
/paradox-of-empathy /posts/paradox-of-empathy 301
/process-is-for-people /posts/process-is-for-people 301
/unfamiliar-water /posts/unfamiliar-water 301
/why-i-prefer-composition-over-inheritance /posts/why-i-prefer-composition-over-inheritance 301

# Handle 404s
/* /index.html 200